{
  "gsa": {
    "spread": {
      "3": {
        "mean": -5626.29028452374,
        "std": 2425.587881609929,
        "n_episodes": 64,
        "min": -10395.702367305756,
        "max": -1645.4994463920593
      },
      "4": {
        "mean": -5756.894444655627,
        "std": 2569.4119202208485,
        "n_episodes": 64,
        "min": -13356.401847839355,
        "max": -2613.42271733284
      },
      "5": {
        "mean": -7142.854332193732,
        "std": 1176.7552195936391,
        "n_episodes": 64,
        "min": -9930.310845375061,
        "max": -4337.623456954956
      },
      "6": {
        "mean": -10175.35324600339,
        "std": 1386.5813938232661,
        "n_episodes": 64,
        "min": -12782.591382980347,
        "max": -6720.337206840515
      },
      "7": {
        "mean": -13026.973602727056,
        "std": 1696.468749082811,
        "n_episodes": 64,
        "min": -16089.925168991089,
        "max": -9303.990756034851
      },
      "8": {
        "mean": -15246.189885422587,
        "std": 1974.5068358111437,
        "n_episodes": 64,
        "min": -20844.908233642578,
        "max": -10314.122673988342
      }
    }
  },
  "infomarl": {
    "spread": {
      "3": {
        "mean": -384.19590231589973,
        "std": 186.79888586382833,
        "n_episodes": 64,
        "min": -940.1097095273435,
        "max": -121.92241889983416
      },
      "4": {
        "mean": -722.1621620267397,
        "std": 262.7538806071696,
        "n_episodes": 64,
        "min": -1497.988017052412,
        "max": -358.93032547831535
      },
      "5": {
        "mean": -1061.7608703537844,
        "std": 290.2544389846709,
        "n_episodes": 64,
        "min": -1913.7635447978973,
        "max": -414.7674088180065
      },
      "6": {
        "mean": -1539.0864706411958,
        "std": 400.8988361491088,
        "n_episodes": 64,
        "min": -2588.282562971115,
        "max": -751.0114048719406
      },
      "7": {
        "mean": -2356.3199753193185,
        "std": 580.4770975273453,
        "n_episodes": 64,
        "min": -4757.76263999939,
        "max": -1243.2068107128143
      },
      "8": {
        "mean": -3144.918911639601,
        "std": 805.9839729535227,
        "n_episodes": 64,
        "min": -6313.197147846222,
        "max": -1815.5148515701294
      }
    }
  },
  "phmarl": {
    "spread": {
      "3": {
        "mean": -1986.1153124067932,
        "std": 883.3092061919981,
        "n_episodes": 64,
        "min": -7902.431507110596,
        "max": -882.8529207706451
      },
      "4": {
        "mean": -1736.5923764500767,
        "std": 710.5976353643387,
        "n_episodes": 64,
        "min": -3530.233583211899,
        "max": -431.1547520160675
      },
      "5": {
        "mean": -3342.5947714746,
        "std": 845.5422134264717,
        "n_episodes": 64,
        "min": -5150.941773891449,
        "max": -1467.3284649848938
      },
      "6": {
        "mean": -4811.139446914196,
        "std": 752.9677855228045,
        "n_episodes": 64,
        "min": -6746.147135734558,
        "max": -2959.7699885368347
      },
      "7": {
        "mean": -8251.89683933556,
        "std": 1133.8281981343423,
        "n_episodes": 64,
        "min": -11527.039381027222,
        "max": -6261.445873260498
      },
      "8": {
        "mean": -11391.930816218257,
        "std": 2344.4618087975523,
        "n_episodes": 64,
        "min": -21491.2516746521,
        "max": -8079.914103507996
      }
    }
  }
}