{
  "gsa": {
    "spread": {
      "3": {
        "mean": -5626.29028452374,
        "std": 2425.587881609929,
        "n_episodes": 64,
        "min": -10395.702367305756,
        "max": -1645.4994463920593
      },
      "4": {
        "mean": -5756.894444655627,
        "std": 2569.4119202208485,
        "n_episodes": 64,
        "min": -13356.401847839355,
        "max": -2613.42271733284
      },
      "5": {
        "mean": -7142.854332193732,
        "std": 1176.7552195936391,
        "n_episodes": 64,
        "min": -9930.310845375061,
        "max": -4337.623456954956
      },
      "6": {
        "mean": -10175.35324600339,
        "std": 1386.5813938232661,
        "n_episodes": 64,
        "min": -12782.591382980347,
        "max": -6720.337206840515
      },
      "7": {
        "mean": -13026.973602727056,
        "std": 1696.468749082811,
        "n_episodes": 64,
        "min": -16089.925168991089,
        "max": -9303.990756034851
      },
      "8": {
        "mean": -15246.189885422587,
        "std": 1974.5068358111437,
        "n_episodes": 64,
        "min": -20844.908233642578,
        "max": -10314.122673988342
      }
    }
  },
  "infomarl_nomask": {
    "spread": {
      "2": {
        "mean": -157.45958501758287,
        "std": 102.07401929687121,
        "n_episodes": 64,
        "min": -856.9404306411743,
        "max": -45.79255820065737
      },
      "3": {
        "mean": -394.91344747459516,
        "std": 232.50543580883738,
        "n_episodes": 64,
        "min": -1421.7468936443329,
        "max": -143.51440569758415
      },
      "4": {
        "mean": -817.6325279809535,
        "std": 381.83288617467406,
        "n_episodes": 64,
        "min": -2489.71103143692,
        "max": -374.80603075027466
      },
      "5": {
        "mean": -1296.1165759349242,
        "std": 431.403869646547,
        "n_episodes": 64,
        "min": -2991.793426990509,
        "max": -654.4914197325706
      },
      "6": {
        "mean": -1825.848686479032,
        "std": 530.732606406703,
        "n_episodes": 64,
        "min": -3133.1456694602966,
        "max": -1109.7742133140564
      },
      "7": {
        "mean": -2645.4464509375393,
        "std": 768.0677602310295,
        "n_episodes": 64,
        "min": -5854.189714431763,
        "max": -1056.0312094688416
      },
      "8": {
        "mean": -3269.8188660778105,
        "std": 601.5719027603499,
        "n_episodes": 64,
        "min": -4737.834955215454,
        "max": -2078.768695831299
      }
    }
  },
  "infomarl_rnd": {
    "spread": {
      "2": {
        "mean": -510.6601126609021,
        "std": 272.02911145191433,
        "n_episodes": 64,
        "min": -1477.2224171161652,
        "max": -189.91808284074068
      },
      "3": {
        "mean": -1102.7742775632069,
        "std": 461.8089868773708,
        "n_episodes": 64,
        "min": -2895.453064441681,
        "max": -434.07501715421677
      },
      "4": {
        "mean": -2086.4837447702885,
        "std": 636.4712171313737,
        "n_episodes": 64,
        "min": -4069.4474563598633,
        "max": -1225.3830931186676
      },
      "5": {
        "mean": -3230.496968271211,
        "std": 1018.9624983683036,
        "n_episodes": 64,
        "min": -5818.6288385391235,
        "max": -1881.728060722351
      },
      "6": {
        "mean": -4314.035301614553,
        "std": 942.5408105455285,
        "n_episodes": 64,
        "min": -7390.391710281372,
        "max": -2592.4741246700287
      },
      "7": {
        "mean": -5739.012187086046,
        "std": 1199.3293129115002,
        "n_episodes": 64,
        "min": -8907.79245185852,
        "max": -3488.120615005493
      },
      "8": {
        "mean": -7243.544105395675,
        "std": 1534.309137516609,
        "n_episodes": 64,
        "min": -12952.650926589966,
        "max": -4730.831680297852
      }
    }
  },
  "infomarl": {
    "spread": {
      "2": {
        "mean": -180.02002154997172,
        "std": 124.36004638582257,
        "n_episodes": 64,
        "min": -705.2337085008621,
        "max": -67.10745040886104
      },
      "3": {
        "mean": -319.7915188856423,
        "std": 148.6579644381691,
        "n_episodes": 64,
        "min": -787.4318687692285,
        "max": -119.36347858607769
      },
      "4": {
        "mean": -650.9106885322835,
        "std": 250.84467947770443,
        "n_episodes": 64,
        "min": -1642.864016622305,
        "max": -229.39018753170967
      },
      "5": {
        "mean": -1054.370533400448,
        "std": 359.1475107411648,
        "n_episodes": 64,
        "min": -2011.7201448082924,
        "max": -424.6357002854347
      },
      "6": {
        "mean": -1586.381231462583,
        "std": 411.51203944257753,
        "n_episodes": 64,
        "min": -2617.6406688690186,
        "max": -737.0741286873817
      },
      "7": {
        "mean": -2335.577036057599,
        "std": 544.3025752877173,
        "n_episodes": 64,
        "min": -4205.4397559165955,
        "max": -1404.5951128602028
      },
      "8": {
        "mean": -3142.3288784474134,
        "std": 691.3960000153564,
        "n_episodes": 64,
        "min": -5148.238045215607,
        "max": -2004.6622476577759
      }
    }
  },
  "phmarl": {
    "spread": {
      "3": {
        "mean": -1986.1153124067932,
        "std": 883.3092061919981,
        "n_episodes": 64,
        "min": -7902.431507110596,
        "max": -882.8529207706451
      },
      "4": {
        "mean": -1736.5923764500767,
        "std": 710.5976353643387,
        "n_episodes": 64,
        "min": -3530.233583211899,
        "max": -431.1547520160675
      },
      "5": {
        "mean": -3342.5947714746,
        "std": 845.5422134264717,
        "n_episodes": 64,
        "min": -5150.941773891449,
        "max": -1467.3284649848938
      },
      "6": {
        "mean": -4811.139446914196,
        "std": 752.9677855228045,
        "n_episodes": 64,
        "min": -6746.147135734558,
        "max": -2959.7699885368347
      },
      "7": {
        "mean": -8251.89683933556,
        "std": 1133.8281981343423,
        "n_episodes": 64,
        "min": -11527.039381027222,
        "max": -6261.445873260498
      },
      "8": {
        "mean": -11391.930816218257,
        "std": 2344.4618087975523,
        "n_episodes": 64,
        "min": -21491.2516746521,
        "max": -8079.914103507996
      }
    }
  }
}